<?xml version="1.0" encoding="UTF-8" ?>
<XMLDB PATH="mod/icontent/db" VERSION="20101203" COMMENT="XMLDB file for Moodle mod/icontent"
    xmlns:xsi="http://www.w3.org/2001/XMLSchema-instance"
    xsi:noNamespaceSchemaLocation="../../../lib/xmldb/xmldb.xsd"
>
  <TABLES>
    <TABLE NAME="icontent" COMMENT="Tabela que armazena instancias de conteudo.">
      <FIELDS>
        <FIELD NAME="id" TYPE="int" LENGTH="10" NOTNULL="true" UNSIGNED="true" SEQUENCE="true"/>
        <FIELD NAME="course" TYPE="int" LENGTH="10" NOTNULL="true" UNSIGNED="true" SEQUENCE="false" COMMENT="Course icontent activity belongs to"/>
        <FIELD NAME="name" TYPE="char" LENGTH="255" NOTNULL="true" SEQUENCE="false" COMMENT="name field for moodle instances"/>
        <FIELD NAME="intro" TYPE="text" NOTNULL="true" SEQUENCE="false" COMMENT="General introduction of the icontent activity"/>
        <FIELD NAME="introformat" TYPE="int" LENGTH="4" NOTNULL="true" UNSIGNED="true" DEFAULT="0" SEQUENCE="false" COMMENT="Format of the intro field (MOODLE, HTML, MARKDOWN...)"/>
        <FIELD NAME="timecreated" TYPE="int" LENGTH="10" NOTNULL="true" UNSIGNED="true" SEQUENCE="false"/>
        <FIELD NAME="timemodified" TYPE="int" LENGTH="10" NOTNULL="true" UNSIGNED="true" DEFAULT="0" SEQUENCE="false"/>
        <FIELD NAME="grade" TYPE="int" LENGTH="10" NOTNULL="true" DEFAULT="100" SEQUENCE="false" COMMENT="The maximum grade. Can be negative to indicate the use of a scale."/>
		<FIELD NAME="scale" TYPE="int" LENGTH="10" NOTNULL="false" DEFAULT="0" SEQUENCE="false" COMMENT="Scale."/>
		<FIELD NAME="bgimage" TYPE="char" LENGTH="255" NOTNULL="false" SEQUENCE="false"/>
        <FIELD NAME="bgcolor" TYPE="char" LENGTH="20" NOTNULL="false" SEQUENCE="false" />
        <FIELD NAME="bordercolor" TYPE="char" LENGTH="20" NOTNULL="false" SEQUENCE="false" />
        <FIELD NAME="borderwidth" TYPE="int" LENGTH="3" NOTNULL="false" SEQUENCE="false" />
        <FIELD NAME="evaluative" TYPE="int" LENGTH="1" NOTNULL="false" SEQUENCE="false" COMMENT="Says the iContent will be evaluative." />
        <FIELD NAME="maxpages" TYPE="int" LENGTH="5" NOTNULL="true" DEFAULT="0" SEQUENCE="false" />
        <FIELD NAME="progressbar" TYPE="int" LENGTH="3" NOTNULL="true" DEFAULT="0" SEQUENCE="false" COMMENT="Percentage of pages viewed." />
        <FIELD NAME="shownotesarea" TYPE="int" LENGTH="3" NOTNULL="true" DEFAULT="0" SEQUENCE="false" COMMENT="Show notes area." />       
	  	<FIELD NAME="maxnotesperpages" TYPE="int" LENGTH="5" NOTNULL="true" DEFAULT="0" SEQUENCE="false" COMMENT="Maximum annotation per page." />
      	<FIELD NAME="copyright" TYPE="char" LENGTH="255" NOTNULL="false" SEQUENCE="false" COMMENT="Copyright."/>
	  </FIELDS>
      <KEYS>
        <KEY NAME="primary" TYPE="primary" FIELDS="id"/>
      </KEYS>
      <INDEXES>
        <INDEX NAME="course" UNIQUE="false" FIELDS="course"/>
      </INDEXES>
    </TABLE>
	
	<TABLE NAME="icontent_pages" COMMENT="Defines icontent pages">
      <FIELDS>
        <FIELD NAME="id" TYPE="int" LENGTH="10" NOTNULL="true" SEQUENCE="true" />
        <FIELD NAME="icontentid" TYPE="int" LENGTH="10" NOTNULL="true" DEFAULT="0" SEQUENCE="false" />
        <FIELD NAME="cmid" TYPE="int" LENGTH="11" NOTNULL="true" DEFAULT="0" SEQUENCE="false"/>
        <FIELD NAME="coverpage" TYPE="int" LENGTH="10" NOTNULL="true" DEFAULT="0" SEQUENCE="false" />
        <FIELD NAME="title" TYPE="char" LENGTH="255" NOTNULL="true" SEQUENCE="false" />
        <FIELD NAME="showtitle" TYPE="int" LENGTH="1" NOTNULL="true" DEFAULT="0" SEQUENCE="false" />
        <FIELD NAME="pageicontent" TYPE="text" NOTNULL="true" SEQUENCE="false" />
        <FIELD NAME="pageicontentformat" TYPE="int" LENGTH="4" NOTNULL="true" DEFAULT="0" SEQUENCE="false"/>
        <FIELD NAME="showbgimage" TYPE="int" LENGTH="1" NOTNULL="false" DEFAULT="1" SEQUENCE="false" COMMENT="Says it has or not the pages background image." />
        <FIELD NAME="bgimage" TYPE="char" LENGTH="255" NOTNULL="false" SEQUENCE="false" />
        <FIELD NAME="bgcolor" TYPE="char" LENGTH="255" NOTNULL="false" SEQUENCE="false" />
        <FIELD NAME="layout" TYPE="int" LENGTH="2" NOTNULL="false" DEFAULT="1" SEQUENCE="false" COMMENT="Layout of page." />
        <FIELD NAME="transitioneffect" TYPE="char" LENGTH="255" NOTNULL="false" DEFAULT="0" SEQUENCE="false" />
        <FIELD NAME="bordercolor" TYPE="char" LENGTH="20" NOTNULL="false" SEQUENCE="false" />
        <FIELD NAME="borderwidth" TYPE="int" LENGTH="3" NOTNULL="false" SEQUENCE="false" />
        <FIELD NAME="pagenum" TYPE="int" LENGTH="10" NOTNULL="false" DEFAULT="0" SEQUENCE="false" />
        <FIELD NAME="hidden" TYPE="int" LENGTH="2" NOTNULL="true" DEFAULT="0" SEQUENCE="false"/>
        <FIELD NAME="maxnotesperpages" TYPE="int" LENGTH="5" NOTNULL="true" DEFAULT="10" SEQUENCE="false" COMMENT="Maximum annotation per page." />
        <FIELD NAME="attemptsallowed" TYPE="int" LENGTH="3" NOTNULL="true" DEFAULT="0" SEQUENCE="false" COMMENT="Attempts allowed." />
        <FIELD NAME="expandnotesarea" TYPE="int" LENGTH="1" NOTNULL="true" DEFAULT="0" SEQUENCE="false" COMMENT="Show area expanded notes." />
        <FIELD NAME="expandquestionsarea" TYPE="int" LENGTH="1" NOTNULL="true" DEFAULT="0" SEQUENCE="false" COMMENT="Show area expanded questions." />
        <FIELD NAME="timecreated" TYPE="int" LENGTH="10" NOTNULL="true" DEFAULT="0" SEQUENCE="false" />
        <FIELD NAME="timemodified" TYPE="int" LENGTH="10" NOTNULL="true" DEFAULT="0" SEQUENCE="false" />
      </FIELDS>
      <KEYS>
        <KEY NAME="primary" TYPE="primary" FIELDS="id"/>
        <KEY NAME="icontentid" TYPE="foreign" FIELDS="icontentid" REFTABLE="icontent" REFFIELDS="id"/>
      </KEYS>
    </TABLE>
    
    <TABLE NAME="icontent_pages_notes" COMMENT="Defines icontent_pages_notes">
      <FIELDS>
        <FIELD NAME="id" TYPE="int" LENGTH="10" NOTNULL="true" SEQUENCE="true"/>
        <FIELD NAME="pageid" TYPE="int" LENGTH="10" NOTNULL="true" DEFAULT="0" SEQUENCE="false"/>
        <FIELD NAME="userid" TYPE="int" LENGTH="10" NOTNULL="true" DEFAULT="0" SEQUENCE="false"/>
        <FIELD NAME="cmid" TYPE="int" LENGTH="11" NOTNULL="true" DEFAULT="0" SEQUENCE="false"/>
        <FIELD NAME="comment" TYPE="text" NOTNULL="true" SEQUENCE="false"/>
        <FIELD NAME="timecreated" TYPE="int" LENGTH="10" NOTNULL="true" DEFAULT="0" SEQUENCE="false" />
        <FIELD NAME="timemodified" TYPE="int" LENGTH="10" NOTNULL="true" DEFAULT="0" SEQUENCE="false" />
        <FIELD NAME="tab" TYPE="char" LENGTH="20" NOTNULL="true" SEQUENCE="false" COMMENT="Tells the tab that the note belongs." />
        <FIELD NAME="path" TYPE="char" LENGTH="255" NOTNULL="false" DEFAULT="0" SEQUENCE="false"/>
        <FIELD NAME="parent" TYPE="int" LENGTH="10" NOTNULL="false" DEFAULT="0" SEQUENCE="false"/>
		<FIELD NAME="private" TYPE="int" LENGTH="1" NOTNULL="false" DEFAULT="0" SEQUENCE="false"/>
		<FIELD NAME="featured" TYPE="int" LENGTH="1" NOTNULL="false" DEFAULT="0" SEQUENCE="false" COMMENT="It says if the content deserves attention." />
		<FIELD NAME="doubttutor" TYPE="int" LENGTH="1" NOTNULL="false" DEFAULT="0" SEQUENCE="false" COMMENT="Says the doubts to be directed only to the tutor." />
      </FIELDS>
      <KEYS>
        <KEY NAME="primary" TYPE="primary" FIELDS="id"/>
        <KEY NAME="pageid" TYPE="foreign" FIELDS="pageid" REFTABLE="icontent_pages" REFFIELDS="id"/>
      </KEYS>
      <INDEXES>
        <INDEX NAME="userid" UNIQUE="false" FIELDS="userid" />
      </INDEXES>
    </TABLE>
    
	<TABLE NAME="icontent_pages_notes_like" COMMENT="Defines icontent_pages_notes">
      <FIELDS>
        <FIELD NAME="id" TYPE="int" LENGTH="10" NOTNULL="true" SEQUENCE="true"/>
        <FIELD NAME="pagenoteid" TYPE="int" LENGTH="10" NOTNULL="true" DEFAULT="0" SEQUENCE="false"/>
        <FIELD NAME="userid" TYPE="int" LENGTH="10" NOTNULL="true" DEFAULT="0" SEQUENCE="false"/>
        <FIELD NAME="cmid" TYPE="int" LENGTH="11" NOTNULL="true" DEFAULT="0" SEQUENCE="false"/>
        <FIELD NAME="timemodified" TYPE="int" LENGTH="10" NOTNULL="true" DEFAULT="0" SEQUENCE="false" />
		<FIELD NAME="visible" TYPE="int" LENGTH="1" NOTNULL="false" DEFAULT="1" SEQUENCE="false"/>
      </FIELDS>
      <KEYS>
        <KEY NAME="primary" TYPE="primary" FIELDS="id"/>
        <KEY NAME="pagenoteid" TYPE="foreign" FIELDS="pagenoteid" REFTABLE="icontent_pages_notes" REFFIELDS="id"/>
      </KEYS>
      <INDEXES>
        <INDEX NAME="userid" UNIQUE="false" FIELDS="userid" />
      </INDEXES>
    </TABLE>
	
    <TABLE NAME="icontent_pages_questions" COMMENT="Defines icontent_pages_questions">
      <FIELDS>
        <FIELD NAME="id" TYPE="int" LENGTH="10" NOTNULL="true" SEQUENCE="true"/>
        <FIELD NAME="pageid" TYPE="int" LENGTH="10" NOTNULL="true" DEFAULT="0" SEQUENCE="false"/>
        <FIELD NAME="questionid" TYPE="int" LENGTH="10" NOTNULL="true" DEFAULT="0" SEQUENCE="false"/>
        <FIELD NAME="cmid" TYPE="int" LENGTH="11" NOTNULL="true" DEFAULT="0" SEQUENCE="false"/>
        <FIELD NAME="timecreated" TYPE="int" LENGTH="10" NOTNULL="true" DEFAULT="0" SEQUENCE="false" />
        <FIELD NAME="timemodified" TYPE="int" LENGTH="10" NOTNULL="true" DEFAULT="0" SEQUENCE="false" />
        <FIELD NAME="maxmark" TYPE="number" LENGTH="12" NOTNULL="true" DEFAULT="0" SEQUENCE="false" DECIMALS="7" COMMENT="Weight of the matter in relation to other content."/>
      	<FIELD NAME="remake" TYPE="int" LENGTH="1" NOTNULL="true" DEFAULT="0" SEQUENCE="false" COMMENT="If true, it allows the User redo the question."/>
      	<FIELD NAME="qtype" TYPE="char" LENGTH="50" NOTNULL="false" DEFAULT="0" SEQUENCE="false" />
      </FIELDS>
      <KEYS>
        <KEY NAME="primary" TYPE="primary" FIELDS="id"/>
        <KEY NAME="pageid" TYPE="foreign" FIELDS="pageid" REFTABLE="icontent_pages" REFFIELDS="id"/>
      </KEYS>
    </TABLE>
    
    <TABLE NAME="icontent_pages_displayed" COMMENT="Defines icontent_pages_displayed. Says if the page has been viewed.">
      <FIELDS>
        <FIELD NAME="id" TYPE="int" LENGTH="10" NOTNULL="true" SEQUENCE="true"/>
        <FIELD NAME="pageid" TYPE="int" LENGTH="10" NOTNULL="true" DEFAULT="0" SEQUENCE="false"/>
        <FIELD NAME="userid" TYPE="int" LENGTH="10" NOTNULL="true" DEFAULT="0" SEQUENCE="false"/>
        <FIELD NAME="cmid" TYPE="int" LENGTH="11" NOTNULL="true" DEFAULT="0" SEQUENCE="false"/>
        <FIELD NAME="timecreated" TYPE="int" LENGTH="10" NOTNULL="true" DEFAULT="0" SEQUENCE="false" />
      </FIELDS>
      <INDEXES>
        <INDEX NAME="userid" UNIQUE="false" FIELDS="userid" />
      </INDEXES>
      <KEYS>
        <KEY NAME="primary" TYPE="primary" FIELDS="id"/>
        <KEY NAME="pageid" TYPE="foreign" FIELDS="pageid" REFTABLE="icontent_pages" REFFIELDS="id"/>
      </KEYS>
    </TABLE>
    
    <TABLE NAME="icontent_question_attempts" COMMENT="Defines icontent_question_attempts">
      <FIELDS>
        <FIELD NAME="id" TYPE="int" LENGTH="10" NOTNULL="true" SEQUENCE="true"/>
        <FIELD NAME="pagesquestionsid" TYPE="int" LENGTH="10" NOTNULL="true" DEFAULT="0" SEQUENCE="false" />
        <FIELD NAME="questionid" TYPE="int" LENGTH="10" NOTNULL="true" DEFAULT="0" SEQUENCE="false" />
        <FIELD NAME="userid" TYPE="int" LENGTH="10" NOTNULL="true" DEFAULT="0" SEQUENCE="false"/>
        <FIELD NAME="cmid" TYPE="int" LENGTH="11" NOTNULL="true" DEFAULT="0" SEQUENCE="false"/>
        <FIELD NAME="fraction" TYPE="number" LENGTH="10" NOTNULL="true" DEFAULT="0" SEQUENCE="false" DECIMALS="5" COMMENT="Fraction of the note received on the question submitted." />
      	<FIELD NAME="rightanswer" TYPE="text" NOTNULL="false" SEQUENCE="false" COMMENT="Right answer." />
      	<FIELD NAME="answertext" TYPE="text" NOTNULL="false" SEQUENCE="false" COMMENT="Texto de resposta." />
      	<FIELD NAME="timecreated" TYPE="int" LENGTH="10" NOTNULL="true" DEFAULT="0" SEQUENCE="false" COMMENT="Response submission time." />
      </FIELDS>
      <KEYS>
        <KEY NAME="primary" TYPE="primary" FIELDS="id"/>
        <KEY NAME="pagesquestionsid" TYPE="foreign" FIELDS="pagesquestionsid" REFTABLE="icontent_pages_questions" REFFIELDS="id"/>
      </KEYS>
      <INDEXES>
        <INDEX NAME="userid" UNIQUE="false" FIELDS="userid" />
      </INDEXES>
    </TABLE>
    
    <TABLE NAME="icontent_grades" COMMENT="Defines icontent_grades">
      <FIELDS>
        <FIELD NAME="id" TYPE="int" LENGTH="10" NOTNULL="true" SEQUENCE="true"/>
        <FIELD NAME="icontentid" TYPE="int" LENGTH="10" NOTNULL="true" DEFAULT="0" SEQUENCE="false" />
        <FIELD NAME="userid" TYPE="int" LENGTH="10" NOTNULL="true" DEFAULT="0" SEQUENCE="false"/>
        <FIELD NAME="cmid" TYPE="int" LENGTH="11" NOTNULL="true" DEFAULT="0" SEQUENCE="false"/>
         <FIELD NAME="grade" TYPE="number" LENGTH="10" NOTNULL="true" DEFAULT="0" SEQUENCE="false" DECIMALS="5" COMMENT="nota."/>
      	<FIELD NAME="timemodified" TYPE="int" LENGTH="10" NOTNULL="true" DEFAULT="0" SEQUENCE="false" />
      </FIELDS>
      <KEYS>
        <KEY NAME="primary" TYPE="primary" FIELDS="id"/>
        <KEY NAME="icontentid" TYPE="foreign" FIELDS="icontentid" REFTABLE="icontent" REFFIELDS="id" />
      </KEYS>
      <INDEXES>
        <INDEX NAME="userid" UNIQUE="false" FIELDS="userid" />
      </INDEXES>
    </TABLE>
	
  </TABLES>
</XMLDB>
